epoch,mode,lr,batch_size,k,kf,model,dataset,rank,numiterations,train_loss_site_0,test_loss_site_0,train_acc_site_0,test_acc_site_0,val_acc_site_0,train_loss_site_1,test_loss_site_1,train_acc_site_1,test_acc_site_1,val_acc_site_1,test_acc_avg,test_loss_avg,test_acc_ensemble,test_loss_ensemble,val_acc_avg,val_loss_avg,val_acc_ensemble,val_loss_ensemble
0,powersgd,0.0001,32,4,5,gru,tapnet-Heartbeat,16,10,0.6934854984283447,5.00944185256958,0.46875,0.3902439024390244,0.0,0.6596545577049255,5.00944185256958,0.625,0.3902439024390244,0.0,0.3902439024390244,0.7570620775222778,0.3902439024390244,0.7570620775222778,0.0,0.0,0.0,0
1,powersgd,0.0001,32,4,5,gru,tapnet-Heartbeat,16,10,0.5698028802871704,5.144026279449463,0.96875,0.32682926829268294,0.0,0.6849709153175354,5.144026279449463,0.5625,0.32682926829268294,0.0,0.32682926829268294,0.7945660352706909,0.32682926829268294,0.7945660352706909,0.0,0.0,0.0,0
