epoch,mode,lr,batch_size,k,kf,model,dataset,rank,numiterations,train_loss_site_0,test_loss_site_0,train_acc_site_0,test_acc_site_0,val_acc_site_0,train_loss_site_1,test_loss_site_1,train_acc_site_1,test_acc_site_1,val_acc_site_1,test_acc_avg,test_loss_avg,test_acc_ensemble,test_loss_ensemble,val_acc_avg,val_loss_avg,val_acc_ensemble,val_loss_ensemble
0,powersgd,0.0001,32,3,5,gru,tapnet-Heartbeat,32,10,0.6934854388237,4.896895885467529,0.46875,0.47317073170731705,0.0,0.6596546769142151,4.896895885467529,0.625,0.47317073170731705,0.0,0.47317073170731705,0.7211087942123413,0.47317073170731705,0.7211087942123413,0.0,0.0,0.0,0
1,powersgd,0.0001,32,3,5,gru,tapnet-Heartbeat,32,10,0.6106432676315308,4.976960182189941,0.8125,0.4146341463414634,0.0,0.6407797336578369,4.976960182189941,0.625,0.4146341463414634,0.0,0.4146341463414634,0.7434502840042114,0.4146341463414634,0.7434502840042114,0.0,0.0,0.0,0
