epoch,mode,lr,batch_size,k,kf,model,dataset,rank,numiterations,train_loss_site_0,test_loss_site_0,train_acc_site_0,test_acc_site_0,val_acc_site_0,train_loss_site_1,test_loss_site_1,train_acc_site_1,test_acc_site_1,val_acc_site_1,test_acc_avg,test_loss_avg,test_acc_ensemble,test_loss_ensemble,val_acc_avg,val_loss_avg,val_acc_ensemble,val_loss_ensemble
0,powersgd,0.0001,32,3,5,gru,tapnet-Epilepsy,32,10,1.1991169452667236,6.546492099761963,0.53125,0.34782608695652173,0.0,1.5452322959899902,6.546492099761963,0.125,0.34782608695652173,0.0,0.34782608695652173,1.409676432609558,0.34782608695652173,1.409676432609558,0.0,0.0,0.0,0
1,powersgd,0.0001,32,3,5,gru,tapnet-Epilepsy,32,10,1.1134834289550781,6.070658206939697,0.6875,0.47101449275362317,0.0,1.3031337261199951,6.070658206939697,0.3125,0.47101449275362317,0.0,0.47101449275362317,1.2096983194351196,0.47101449275362317,1.2096983194351196,0.0,0.0,0.0,0
2,powersgd,0.0001,32,3,5,gru,tapnet-Epilepsy,32,10,1.0477973222732544,5.677748680114746,0.8125,0.5942028985507246,0.0,1.1067556142807007,5.677748680114746,0.6875,0.5942028985507246,0.0,0.5942028985507246,1.048982858657837,0.5942028985507246,1.048982858657837,0.0,0.0,0.0,0
3,powersgd,0.0001,32,3,5,gru,tapnet-Epilepsy,32,10,0.9938773512840271,5.358336925506592,0.84375,0.6304347826086957,0.0,0.9499688148498535,5.358336925506592,0.9375,0.6304347826086957,0.0,0.6304347826086957,0.9171791076660156,0.6304347826086957,0.9171791076660156,0.0,0.0,0.0,0
4,powersgd,0.0001,32,3,5,gru,tapnet-Epilepsy,32,10,0.947779655456543,5.094517707824707,0.84375,0.6739130434782609,0.0,0.8230718970298767,5.094517707824707,0.96875,0.6739130434782609,0.0,0.6739130434782609,0.8146741986274719,0.6739130434782609,0.8146741986274719,0.0,0.0,0.0,0
5,powersgd,0.0001,32,3,5,gru,tapnet-Epilepsy,32,10,0.906924307346344,4.874003887176514,0.84375,0.7028985507246377,0.0,0.7186478972434998,4.874003887176514,1.0,0.7028985507246377,0.0,0.7028985507246377,0.734664797782898,0.7028985507246377,0.734664797782898,0.0,0.0,0.0,0
6,powersgd,0.0001,32,3,5,gru,tapnet-Epilepsy,32,10,0.8683552742004395,4.686103343963623,0.84375,0.7246376811594203,0.0,0.6337988376617432,4.686103343963623,1.0,0.7246376811594203,0.0,0.7246376811594203,0.6741665601730347,0.7246376811594203,0.6741665601730347,0.0,0.0,0.0,0
