epoch,mode,lr,batch_size,k,kf,model,dataset,rank,numiterations,train_loss_site_0,test_loss_site_0,train_acc_site_0,test_acc_site_0,val_acc_site_0,train_loss_site_1,test_loss_site_1,train_acc_site_1,test_acc_site_1,val_acc_site_1,test_acc_avg,test_loss_avg,test_acc_ensemble,test_loss_ensemble,val_acc_avg,val_loss_avg,val_acc_ensemble,val_loss_ensemble
0,powersgd,0.0001,32,2,5,gru,tapnet-Heartbeat,8,10,0.703191339969635,5.130525588989258,0.46875,0.33170731707317075,0.0,0.6596545577049255,5.130525588989258,0.625,0.33170731707317075,0.0,0.33170731707317075,0.7846254110336304,0.33170731707317075,0.7846254110336304,0.0,0.0,0.0,0
1,powersgd,0.0001,32,2,5,gru,tapnet-Heartbeat,8,10,0.5559431314468384,4.970710754394531,0.9375,0.4097560975609756,0.0,0.7512940764427185,4.970710754394531,0.21875,0.4097560975609756,0.0,0.4097560975609756,0.7430153489112854,0.4097560975609756,0.7430153489112854,0.0,0.0,0.0,0
