epoch,mode,lr,batch_size,k,kf,model,dataset,rank,numiterations,train_loss_site_0,test_loss_site_0,train_acc_site_0,test_acc_site_0,val_acc_site_0,train_loss_site_1,test_loss_site_1,train_acc_site_1,test_acc_site_1,val_acc_site_1,test_acc_avg,test_loss_avg,test_acc_ensemble,test_loss_ensemble,val_acc_avg,val_loss_avg,val_acc_ensemble,val_loss_ensemble
0,powersgd,0.0001,32,2,5,gru,tapnet-Heartbeat,3,10,0.703191339969635,5.214719772338867,0.46875,0.3073170731707317,0.0,0.6596545577049255,5.214719772338867,0.625,0.3073170731707317,0.0,0.3073170731707317,0.8066256642341614,0.3073170731707317,0.8066256642341614,0.0,0.0,0.0,0
1,powersgd,0.0001,32,2,5,gru,tapnet-Heartbeat,3,10,0.5491670370101929,5.055452823638916,0.9375,0.3804878048780488,0.0,0.7635387182235718,5.055452823638916,0.125,0.3804878048780488,0.0,0.3804878048780488,0.7686361074447632,0.3804878048780488,0.7686361074447632,0.0,0.0,0.0,0
2,powersgd,0.0001,32,2,5,gru,tapnet-Heartbeat,3,10,0.5678470134735107,,0.84375,0.2780487804878049,0.0,0.6827633380889893,,0.53125,0.2780487804878049,0.0,0.2780487804878049,,0.2780487804878049,,0.0,0.0,0.0,0
