epoch,mode,lr,batch_size,k,kf,model,dataset,rank,numiterations,train_loss_site_0,test_loss_site_0,train_acc_site_0,test_acc_site_0,val_acc_site_0,test_acc_avg,test_loss_avg,test_acc_ensemble,test_loss_ensemble,val_acc_avg,val_loss_avg,val_acc_ensemble,val_loss_ensemble
0,pooled,0.0001,64,0,5,gru,tapnet-Heartbeat,8,10,0.6976786851882935,2.50437068939209,0.6484375,0.7268292682926829,0.0,0.7268292682926829,0.5345652103424072,0.7268292682926829,0.5345652103424072,0.0,0.0,0.0,0
1,pooled,0.0001,64,0,5,gru,tapnet-Heartbeat,8,10,0.6094033718109131,2.6001195907592773,0.7734375,0.6926829268292682,0.0,0.6926829268292682,0.613152265548706,0.6926829268292682,0.613152265548706,0.0,0.0,0.0,0
2,pooled,0.0001,64,0,5,gru,tapnet-Heartbeat,8,10,0.5518039464950562,2.506110906600952,0.8671875,0.7317073170731707,0.0,0.7317073170731707,0.5363155007362366,0.7317073170731707,0.5363155007362366,0.0,0.0,0.0,0
