epoch,mode,lr,batch_size,k,kf,model,dataset,rank,numiterations,train_loss_site_0,test_loss_site_0,train_acc_site_0,test_acc_site_0,val_acc_site_0,train_loss_site_1,test_loss_site_1,train_acc_site_1,test_acc_site_1,val_acc_site_1,test_acc_avg,test_loss_avg,test_acc_ensemble,test_loss_ensemble,val_acc_avg,val_loss_avg,val_acc_ensemble,val_loss_ensemble
0,dad,0.001,128,0,5,transformer,imdb,8,10,0.7269530892372131,139.9241485595703,0.6182,0.50012,0.0,0.5572392344474792,154.33506774902344,0.6156,0.5,0.0,0.5,0.4233880937099457,0.5,0.4190156161785126,0.0,0.0,0.0,0
1,dad,0.001,128,0,5,transformer,imdb,8,10,0.5784080028533936,137.75733947753906,0.6378,0.52144,0.0,0.4744316637516022,173.50083923339844,0.627,0.49996,0.0,0.50856,0.4035356640815735,0.51088,0.45916081964969635,0.0,0.0,0.0,0
