,epoch,mode,ls1,ls2,acc1,acc2,tls1,tls2,tacc1,tacc2,tlsa,tacca
0,0,noshare,0.009739398956298828,0.009739398956298828,0.9593084063276245,0.9593084063276245,15.944815635681152,15.944815635681152,0.4905,0.4905,15.944815635681152,0.4905
1,1,noshare,0.0003275871276855469,0.0003275871276855469,0.9774153484115571,0.9774153484115571,25.633602142333984,25.633602142333984,0.5004,0.5004,25.633602142333984,0.5004
2,2,noshare,2.6702880859375e-05,2.6702880859375e-05,0.9771538763237024,0.9771538763237024,25.814836502075195,25.814836502075195,0.5049,0.5049,25.814836502075195,0.5049
3,3,noshare,2.7179718017578125e-05,2.7179718017578125e-05,0.9818276898941038,0.9818276898941038,30.47006607055664,30.47006607055664,0.5072,0.5072,30.47006607055664,0.5072
4,4,noshare,0.0,0.0,0.9811740096744672,0.9811740096744672,36.523990631103516,36.523990631103516,0.5065,0.5065,36.523990631103516,0.5065
